chr22	20208963	20209064	0
chr22	29673572	29673673	0
chr22	28193720	28193821	0
chr22	43864274	43864375	0
chr22	18261550	18261651	0
chr22	7869409	7869510	0
chr22	49798024	49798125	0
chr22	43088594	43088695	0
chr22	35147671	35147772	0
chr22	49486843	49486944	0
chr22	5382284	5382385	0
chr22	21014236	21014337	0
chr22	46113241	46113342	0
chr22	15210796	15210897	0
chr22	18183679	18183780	0
chr22	50791864	50791965	0
chr22	18811798	18811899	0
chr22	36467842	36467943	0
chr22	33428651	33428752	0
chr22	50113043	50113144	0
chr22	33643781	33643882	0
chr22	33543993	33544094	0
chr22	50467250	50467351	0
chr22	37420272	37420373	0
chr22	50296661	50296762	0
chr22	19833041	19833142	0
chr22	33546316	33546417	0
chr22	6940411	6940512	0
chr22	878088	878189	0
chr22	6878700	6878801	0
chr22	745677	745778	0
chr22	24708412	24708513	0
chr22	46228987	46229088	0
chr22	2226842	2226943	0
chr22	1617307	1617408	0
chr22	13600755	13600856	0
chr22	5182809	5182910	0
chr22	30043939	30044040	0
chr22	47765904	47766005	0
chr22	6715686	6715787	0
chr22	30893551	30893652	0
chr22	41437446	41437547	0
chr22	5497626	5497727	0
chr22	42321196	42321297	0
chr22	31917792	31917893	0
chr22	45909120	45909221	0
chr22	16281194	16281295	0
chr22	37572681	37572782	0
chr22	27695487	27695588	0
chr22	46564307	46564408	0
chr22	24751539	24751640	0
chr22	47011232	47011333	0
chr22	18949089	18949190	0
chr22	10612872	10612973	0
chr22	12383099	12383200	0
chr22	41305641	41305742	0
chr22	32023135	32023236	0
chr22	17922594	17922695	0
chr22	10035657	10035758	0
chr22	28482479	28482580	0
chr22	41420377	41420478	0
chr22	25639430	25639531	0
chr22	13140902	13141003	0
chr22	39843868	39843969	0
chr22	1980705	1980806	0
chr22	9153523	9153624	0
chr22	13096866	13096967	0
chr22	49495731	49495832	0
chr22	17318109	17318210	0
chr22	25078274	25078375	0
chr22	39021526	39021627	0
chr22	21017670	21017771	0
chr22	17347601	17347702	0
chr22	3336327	3336428	0
chr22	40434617	40434718	0
chr22	30294015	30294116	0
chr22	32629842	32629943	0
chr22	40068795	40068896	0
chr22	45393616	45393717	0
chr22	39575612	39575713	0
chr22	9648120	9648221	0
chr22	20645182	20645283	0
chr22	22094835	22094936	0
chr22	30249474	30249575	0
chr22	40951737	40951838	0
chr22	6291688	6291789	0
chr22	32964253	32964354	0
chr22	50136172	50136273	0
chr22	49672784	49672885	0
chr22	39405124	39405225	0
chr22	5667609	5667710	0
chr22	26318554	26318655	0
chr22	40293621	40293722	0
chr22	7282195	7282296	0
chr22	27009192	27009293	0
chr22	28680035	28680136	0
chr22	30268260	30268361	0
chr22	34734379	34734480	0
chr22	29434707	29434808	0
chr22	23098270	23098371	0
chr22	4465709	4465810	0
chr22	41695299	41695400	0
chr22	16965114	16965215	0
chr22	19637606	19637707	0
chr22	23864254	23864355	0
chr22	45557438	45557539	0
chr22	37669641	37669742	0
chr22	1137961	1138062	0
chr22	2498128	2498229	0
chr22	36873660	36873761	0
chr22	12069292	12069393	0
chr22	7843553	7843654	0
chr22	29317244	29317345	0
chr22	17917544	17917645	0
chr22	13966678	13966779	0
chr22	6402586	6402687	0
chr22	3489342	3489443	0
chr22	42652072	42652173	0
chr22	19860715	19860816	0
chr22	1702551	1702652	0
chr22	11708419	11708520	0
chr22	1155737	1155838	0
chr22	11020508	11020609	0
chr22	28560653	28560754	0
chr22	38152320	38152421	0
chr22	7541260	7541361	0
chr22	16767509	16767610	0
chr22	42480776	42480877	0
chr22	17704939	17705040	0
chr22	32269878	32269979	0
chr22	35460266	35460367	0
chr22	31796693	31796794	0
chr22	50285652	50285753	0
chr22	22038780	22038881	0
chr22	1491663	1491764	0
chr22	16369165	16369266	0
chr22	25938491	25938592	0
chr22	22459647	22459748	0
chr22	18457389	18457490	0
chr22	29031313	29031414	0
chr22	30383905	30384006	0
chr22	2527519	2527620	0
chr22	5941521	5941622	0
chr22	47002849	47002950	0
chr22	30844465	30844566	0
chr22	12266545	12266646	0
chr22	17064397	17064498	0
chr22	11433901	11434002	0
chr22	16551268	16551369	0
chr22	7091507	7091608	0
chr22	34609947	34610048	0
chr22	45843571	45843672	0
chr22	24327844	24327945	0
chr22	7014646	7014747	0
chr22	6667307	6667408	0
chr22	45673285	45673386	0
chr22	6584285	6584386	0
chr22	34850529	34850630	0
chr22	17953702	17953803	0
chr22	46739542	46739643	0
chr22	27734978	27735079	0
chr22	22335316	22335417	0
chr22	34031217	34031318	0
chr22	16367549	16367650	0
chr22	25634683	25634784	0
chr22	10395217	10395318	0
chr22	44187979	44188080	0
chr22	5992425	5992526	0
chr22	34929511	34929612	0
chr22	20656595	20656696	0
chr22	7834564	7834665	0
chr22	10347949	10348050	0
chr22	41536123	41536224	0
chr22	41469665	41469766	0
chr22	32860728	32860829	0
chr22	30289773	30289874	0
chr22	48879732	48879833	0
chr22	34491777	34491878	0
chr22	25608322	25608423	0
chr22	10514397	10514498	0
chr22	28848705	28848806	0
chr22	9251089	9251190	0
chr22	20913438	20913539	0
chr22	37014959	37015060	0
chr22	45300898	45300999	0
chr22	16999151	16999252	0
chr22	31448647	31448748	0
chr22	16071114	16071215	0
chr22	43170404	43170505	0
chr22	45933562	45933663	0
chr22	17671205	17671306	0
chr22	2821429	2821530	0
chr22	32272100	32272201	0
chr22	30328355	30328456	0
chr22	33794372	33794473	0
chr22	17238218	17238319	0
chr22	3297947	3298048	0
chr22	5380870	5380971	0
chr22	16216958	16217059	0
chr22	30964150	30964251	0
chr22	5266538	5266639	0
chr22	24854054	24854155	0
chr22	45789435	45789536	0
chr22	9017274	9017375	0
chr22	9578430	9578531	0
chr22	599025	599126	0
chr22	21237749	21237850	0
chr22	44026177	44026278	0
chr22	2499845	2499946	0
chr22	9449352	9449453	0
chr22	1005853	1005954	0
chr22	4167658	4167759	0
chr22	14983546	14983647	0
chr22	42241305	42241406	0
chr22	10102216	10102317	0
chr22	19315719	19315820	0
chr22	30399055	30399156	0
chr22	20564281	20564382	0
chr22	43687625	43687726	0
chr22	15452186	15452287	0
chr22	17587880	17587981	0
chr22	48752169	48752270	0
chr22	43555113	43555214	0
chr22	50626931	50627032	0
chr22	51158797	51158898	0
chr22	8097568	8097669	0
chr22	3068879	3068980	0
chr22	11853152	11853253	0
chr22	14919108	14919209	0
chr22	38117374	38117475	0
chr22	32475009	32475110	0
chr22	7998891	7998992	0
chr22	44030116	44030217	0
chr22	49450988	49451089	0
chr22	41569958	41570059	0
chr22	16769428	16769529	0
chr22	46276558	46276659	0
chr22	30520457	30520558	0
chr22	23638216	23638317	0
chr22	24505604	24505705	0
chr22	23913744	23913845	0
chr22	29092923	29093024	0
chr22	23658719	23658820	0
chr22	50813781	50813882	0
chr22	1957071	1957172	0
chr22	4680435	4680536	0
chr22	16904817	16904918	0
chr22	31328558	31328659	0
chr22	18128634	18128735	0
chr22	7854057	7854158	0
chr22	38732767	38732868	0
chr22	5534592	5534693	0
chr22	49489469	49489570	0
chr22	47130715	47130816	0
chr22	40663180	40663281	0
chr22	21379351	21379452	0
chr22	38902447	38902548	0
chr22	18961310	18961411	0
chr22	37065156	37065257	0
chr22	30012932	30013033	0
chr22	23837590	23837691	0
chr22	4532369	4532470	0
chr22	26442582	26442683	0
chr22	24573476	24573577	0
chr22	49871855	49871956	0
chr22	28311082	28311183	0
chr22	8778308	8778409	0
chr22	554282	554383	0
chr22	30243010	30243111	0
chr22	36398758	36398859	0
chr22	45126875	45126976	0
chr22	47027190	47027291	0
chr22	28112112	28112213	0
chr22	1857485	1857586	0
chr22	16134340	16134441	0
chr22	17759681	17759782	0
chr22	18028745	18028846	0
chr22	26833755	26833856	0
chr22	6459146	6459247	0
chr22	5525502	5525603	0
chr22	29330071	29330172	0
chr22	25196242	25196343	0
chr22	26318756	26318857	0
chr22	28793660	28793761	0
chr22	5549136	5549237	0
chr22	40226153	40226254	0
chr22	25526512	25526613	0
chr22	4253710	4253811	0
chr22	7314010	7314111	0
chr22	14709432	14709533	0
chr22	37132725	37132826	0
chr22	1701238	1701339	0
chr22	33487534	33487635	0
chr22	29678521	29678622	0
chr22	31407136	31407237	0
chr22	16883203	16883304	0
chr22	28484196	28484297	0
chr22	5757196	5757297	0
chr22	14039398	14039499	0
chr22	21586098	21586199	0
chr22	43992342	43992443	0
chr22	28559441	28559542	0
chr22	22561657	22561758	0
chr22	25921826	25921927	0
chr22	32279069	32279170	0
chr22	1928892	1928993	0
chr22	39146665	39146766	0
chr22	19999287	19999388	0
chr22	28419253	28419354	0
chr22	40304731	40304832	0
chr22	11765787	11765888	0
chr22	49853271	49853372	0
chr22	27148673	27148774	0
chr22	40601873	40601974	0
chr22	34598837	34598938	0
chr22	42744790	42744891	0
chr22	10594591	10594692	0
chr22	20351979	20352080	0
chr22	10661352	10661453	0
chr22	12127670	12127771	0
chr22	32207258	32207359	0
chr22	4571658	4571759	0
chr22	13261294	13261395	0
chr22	2203006	2203107	0
chr22	25645692	25645793	0
chr22	693864	693965	0
chr22	40990622	40990723	0
chr22	45713786	45713887	0
chr22	23241084	23241185	0
chr22	3078373	3078474	0
chr22	50355948	50356049	0
chr22	43895786	43895887	0
chr22	16698223	16698324	0
chr22	24380263	24380364	0
chr22	32046870	32046971	0
chr22	30755383	30755484	0
chr22	34296241	34296342	0
chr22	11874564	11874665	0
chr22	25023128	25023229	0
chr22	5623573	5623674	0
chr22	2030094	2030195	0
chr22	5667710	5667811	0
chr22	50149403	50149504	0
chr22	4113118	4113219	0
chr22	37025867	37025968	0
chr22	49378874	49378975	0
chr22	23324813	23324914	0
chr22	31706803	31706904	0
chr22	13402492	13402593	0
chr22	22201087	22201188	0
chr22	16126765	16126866	0
chr22	28323606	28323707	0
chr22	12547022	12547123	0
chr22	32784069	32784170	0
chr22	914246	914347	0
chr22	43780747	43780848	0
chr22	45386647	45386748	0
chr22	4882132	4882233	0
chr22	41961333	41961434	0
chr22	33788211	33788312	0
chr22	51013761	51013862	0
chr22	29706195	29706296	0
chr22	26672054	26672155	0
chr22	40057180	40057281	0
chr22	20985047	20985148	0
chr22	46002747	46002848	0
chr22	33922743	33922844	0
chr22	38978298	38978399	0
chr22	3245730	3245831	0
chr22	36682871	36682972	0
chr22	20474391	20474492	0
chr22	17932189	17932290	0
chr22	16487133	16487234	0
chr22	20314407	20314508	0
chr22	34846186	34846287	0
chr22	6031916	6032017	0
chr22	39554604	39554705	0
chr22	3551053	3551154	0
chr22	43205956	43206057	0
chr22	34684586	34684687	0
chr22	39351089	39351190	0
chr22	48613597	48613698	0
chr22	37518848	37518949	0
chr22	19187651	19187752	0
chr22	14235237	14235338	0
chr22	49840545	49840646	0
chr22	99782	99883	0
chr22	39647625	39647726	0
chr22	27875772	27875873	0
chr22	27111505	27111606	0
chr22	17768468	17768569	0
chr22	28135241	28135342	0
chr22	10233314	10233415	0
chr22	21984745	21984846	0
chr22	8410567	8410668	0
chr22	12872141	12872242	0
chr22	45867306	45867407	0
chr22	26117160	26117261	0
chr22	198055	198156	0
chr22	49676521	49676622	0
chr22	1672958	1673059	0
chr22	26076558	26076659	0
chr22	46165458	46165559	0
chr22	2812541	2812642	0
chr22	5644177	5644278	0
chr22	45060821	45060922	0
chr22	38158885	38158986	0
chr22	30076663	30076764	0
chr22	14999201	14999302	0
chr22	11431275	11431376	0
chr22	40919417	40919518	0
chr22	47578145	47578246	0
chr22	23544286	23544387	0
chr22	22533175	22533276	0
chr22	5698818	5698919	0
chr22	32930519	32930620	0
chr22	26696092	26696193	0
chr22	28209375	28209476	0
chr22	32202511	32202612	0
chr22	13219076	13219177	0
chr22	33748619	33748720	0
chr22	11008489	11008590	0
chr22	3683767	3683868	0
chr22	18826443	18826544	0
chr22	27924959	27925060	0
chr22	16340683	16340784	0
chr22	40929719	40929820	0
chr22	3046154	3046255	0
chr22	12672565	12672666	0
chr22	15042227	15042328	0
chr22	4758306	4758407	0
chr22	33402290	33402391	0
chr22	38475924	38476025	0
chr22	24073627	24073728	0
chr22	40465018	40465119	0
chr22	40641566	40641667	0
chr22	28478338	28478439	0
chr22	49295549	49295650	0
chr22	45105766	45105867	0
chr22	24594383	24594484	0
chr22	35791142	35791243	0
chr22	43432398	43432499	0
chr22	3815471	3815572	0
chr22	18071468	18071569	0
chr22	34546822	34546923	0
chr22	5619735	5619836	0
chr22	26251793	26251894	0
chr22	43388867	43388968	0
chr22	18754430	18754531	0
chr22	27576408	27576509	0
chr22	45818321	45818422	0
chr22	3474495	3474596	0
chr22	14006068	14006169	0
chr22	50733890	50733991	0
chr22	49956392	49956493	0
chr22	40960928	40961029	0
chr22	42430983	42431084	0
chr22	26135542	26135643	0
chr22	7850522	7850623	0
chr22	25747399	25747500	0
chr22	25090192	25090293	0
chr22	23618218	23618319	0
chr22	19134525	19134626	0
chr22	2431468	2431569	0
chr22	21009893	21009994	0
chr22	18934949	18935050	0
chr22	3280171	3280272	0
chr22	37140300	37140401	0
chr22	50723689	50723790	0
chr22	33440367	33440468	0
chr22	45142328	45142429	0
chr22	22974545	22974646	0
chr22	41172220	41172321	0
chr22	32503693	32503794	0
chr22	26075245	26075346	0
chr22	1875463	1875564	0
chr22	9786389	9786490	0
chr22	40781451	40781552	0
chr22	47006081	47006182	0
chr22	49430283	49430384	0
chr22	11499450	11499551	0
chr22	45942753	45942854	0
chr22	16148884	16148985	0
chr22	51189501	51189602	0
chr22	34996676	34996777	0
chr22	7278761	7278862	0
chr22	18354268	18354369	0
chr22	27390265	27390366	0
chr22	47710556	47710657	0
chr22	21586199	21586300	0
chr22	13932237	13932338	0
chr22	49063754	49063855	0
chr22	33679838	33679939	0
chr22	3091200	3091301	0
chr22	16209484	16209585	0
chr22	33814572	33814673	0
chr22	16143632	16143733	0
chr22	11489451	11489552	0
chr22	6263711	6263812	0
chr22	20972018	20972119	0
chr22	2728105	2728206	0
chr22	39635606	39635707	0
chr22	23193008	23193109	0
chr22	8580651	8580752	0
chr22	17334471	17334572	0
chr22	13123025	13123126	0
chr22	6116453	6116554	0
chr22	36529452	36529553	0
chr22	1734164	1734265	0
chr22	20618922	20619023	0
chr22	31771645	31771746	0
chr22	38309880	38309981	0
chr22	9556816	9556917	0
chr22	3391372	3391473	0
chr22	793652	793753	0
chr22	6940108	6940209	0
chr22	43577232	43577333	0
chr22	203307	203408	0
chr22	20096045	20096146	0
chr22	32412490	32412591	0
chr22	34775688	34775789	0
chr22	3798503	3798604	0
chr22	19327637	19327738	0
chr22	42603188	42603289	0
chr22	37033947	37034048	0
chr22	15454105	15454206	0
chr22	16109898	16109999	0
chr22	10152413	10152514	0
chr22	991107	991208	0
chr22	12815480	12815581	0
chr22	50611579	50611680	0
chr22	45917402	45917503	0
chr22	40575512	40575613	0
chr22	39020617	39020718	0
chr22	9427334	9427435	0
chr22	40648636	40648737	0
chr22	12197360	12197461	0
chr22	5801131	5801232	0
chr22	39486833	39486934	0
chr22	8681954	8682055	0
chr22	40882047	40882148	0
chr22	26160792	26160893	0
chr22	32980716	32980817	0
chr22	34226450	34226551	0
chr22	49257068	49257169	0
chr22	50974371	50974472	0
chr22	44094655	44094756	0
chr22	3163314	3163415	0
chr22	3193816	3193917	0
chr22	34443398	34443499	0
chr22	11531871	11531972	0
chr22	18119140	18119241	0
chr22	21758101	21758202	0
chr22	11181704	11181805	0
chr22	48888923	48889024	0
chr22	17469609	17469710	0
chr22	40265947	40266048	0
chr22	16820130	16820231	0
chr22	49915588	49915689	0
chr22	10960615	10960716	0
chr22	9506518	9506619	0
chr22	45621169	45621270	0
chr22	46554510	46554611	0
chr22	42309278	42309379	0
chr22	18335482	18335583	0
chr22	35285738	35285839	0
chr22	22834862	22834963	0
chr22	44389878	44389979	0
chr22	38511072	38511173	0
chr22	12224024	12224125	0
chr22	6577215	6577316	0
chr22	19174925	19175026	0
chr22	21153010	21153111	0
chr22	8978288	8978389	0
chr22	34174738	34174839	0
chr22	19124627	19124728	0
chr22	14290181	14290282	0
chr22	10787602	10787703	0
chr22	7312596	7312697	0
chr22	21037769	21037870	0
chr22	15875881	15875982	0
chr22	33055759	33055860	0
chr22	36389365	36389466	0
chr22	25883042	25883143	0
chr22	14330682	14330783	0
chr22	42818924	42819025	0
chr22	15467134	15467235	0
chr22	50641980	50642081	0
chr22	28937181	28937282	0
chr22	38559653	38559754	0
chr22	48517950	48518051	0
chr22	24511563	24511664	0
chr22	26468741	26468842	0
chr22	27723262	27723363	0
chr22	30664685	30664786	0
chr22	4546105	4546206	0
chr22	21074937	21075038	0
chr22	23604886	23604987	0
chr22	25738915	25739016	0
chr22	43526530	43526631	0
chr22	26235734	26235835	0
chr22	21481967	21482068	0
chr22	17144187	17144288	0
chr22	13471677	13471778	0
chr22	29775885	29775986	0
chr22	32085654	32085755	0
chr22	5222401	5222502	0
chr22	42350991	42351092	0
chr22	50250100	50250201	0
chr22	31604692	31604793	0
chr22	47596931	47597032	0
chr22	43492897	43492998	0
chr22	44182121	44182222	0
chr22	28968087	28968188	0
chr22	46608343	46608444	0
chr22	9054543	9054644	0
chr22	27747098	27747199	0
chr22	20432880	20432981	0
chr22	41458353	41458454	0
chr22	9612770	9612871	0
chr22	38505719	38505820	0
chr22	5518129	5518230	0
chr22	20888491	20888592	0
chr22	24145135	24145236	0
chr22	40491884	40491985	0
chr22	20839607	20839708	0
chr22	2131801	2131902	0
chr22	8438241	8438342	0
chr22	35659539	35659640	0
chr22	456615	456716	0
chr22	38632373	38632474	0
chr22	15350580	15350681	0
chr22	34518946	34519047	0
chr22	16458550	16458651	0
chr22	23410966	23411067	0
chr22	153615	153716	0
chr22	8196447	8196548	0
chr22	1425104	1425205	0
chr22	21300773	21300874	0
chr22	476108	476209	0
chr22	40255241	40255342	0
chr22	23664072	23664173	0
chr22	21353495	21353596	0
chr22	30663473	30663574	0
chr22	24032823	24032924	0
chr22	29874158	29874259	0
chr22	41628740	41628841	0
chr22	41117377	41117478	0
chr22	33538539	33538640	0
chr22	7195234	7195335	0
chr22	5068578	5068679	0
chr22	38809426	38809527	0
chr22	39367653	39367754	0
chr22	12256950	12257051	0
chr22	18844825	18844926	0
chr22	38370783	38370884	0
chr22	11841941	11842042	0
chr22	50021436	50021537	0
chr22	11504096	11504197	0
chr22	13543791	13543892	0
chr22	36360883	36360984	0
chr22	21759010	21759111	0
chr22	9392287	9392388	0
chr22	43274232	43274333	0
chr22	35738218	35738319	0
chr22	8406830	8406931	0
chr22	50138798	50138899	0
chr22	45520371	45520472	0
chr22	16650248	16650349	0
chr22	20748303	20748404	0
chr22	49417860	49417961	0
chr22	5639127	5639228	0
chr22	20494288	20494389	0
chr22	22820722	22820823	0
chr22	39200498	39200599	0
chr22	25866478	25866579	0
chr22	29781238	29781339	0
chr22	26239774	26239875	0
chr22	23794261	23794362	0
chr22	31847395	31847496	0
chr22	11046263	11046364	0
chr22	16229886	16229987	0
chr22	23076959	23077060	0
chr22	2522671	2522772	0
chr22	31755990	31756091	0
chr22	48592084	48592185	0
chr22	35897192	35897293	0
chr22	1439446	1439547	0
chr22	41796602	41796703	0
chr22	31333608	31333709	0
chr22	4677708	4677809	0
chr22	13927490	13927591	0
chr22	3221692	3221793	0
chr22	42936488	42936589	0
chr22	26696799	26696900	0
chr22	34836187	34836288	0
chr22	48145563	48145664	0
chr22	23685484	23685585	0
chr22	48107082	48107183	0
chr22	17818059	17818160	0
chr22	16508444	16508545	0
chr22	29209275	29209376	0
chr22	28895367	28895468	0
chr22	42437245	42437346	0
chr22	34242307	34242408	0
chr22	33560557	33560658	0
chr22	32635195	32635296	0
chr22	4172304	4172405	0
chr22	40708226	40708327	0
chr22	45381193	45381294	0
chr22	8482075	8482176	0
chr22	49511588	49511689	0
chr22	42963152	42963253	0
chr22	25327744	25327845	0
chr22	31185138	31185239	0
chr22	31119185	31119286	0
chr22	42625105	42625206	0
chr22	37709940	37710041	0
chr22	21138668	21138769	0
chr22	48490680	48490781	0
chr22	19407730	19407831	0
chr22	7671146	7671247	0
chr22	24603069	24603170	0
chr22	36102121	36102222	0
chr22	22972121	22972222	0
chr22	8743362	8743463	0
chr22	16982183	16982284	0
chr22	45286152	45286253	0
chr22	51032951	51033052	0
chr22	7991114	7991215	0
chr22	47960430	47960531	0
chr22	35813261	35813362	0
chr22	18531624	18531725	0
chr22	27184326	27184427	0
chr22	23848902	23849003	0
chr22	41449768	41449869	0
chr22	8482984	8483085	0
chr22	29135646	29135747	0
chr22	83319	83420	0
chr22	40201206	40201307	0
chr22	21371271	21371372	0
chr22	44108795	44108896	0
chr22	17829977	17830078	0
chr22	12290280	12290381	0
chr22	22893947	22894048	0
chr22	47338472	47338573	0
chr22	17574649	17574750	0
chr22	18788265	18788366	0
chr22	49570370	49570471	0
chr22	33167768	33167869	0
chr22	20230577	20230678	0
chr22	48334938	48335039	0
chr22	47348168	47348269	0
chr22	13417137	13417238	0
chr22	28822546	28822647	0
chr22	30028991	30029092	0
chr22	29279975	29280076	0
chr22	8542069	8542170	0
chr22	35556317	35556418	0
chr22	37279276	37279377	0
chr22	35705494	35705595	0
chr22	43073545	43073646	0
chr22	45091525	45091626	0
chr22	35793667	35793768	0
chr22	36451985	36452086	0
chr22	44200200	44200301	0
chr22	37094850	37094951	0
chr22	43803573	43803674	0
chr22	43243427	43243528	0
chr22	28643473	28643574	0
chr22	18958381	18958482	0
chr22	12047880	12047981	0
chr22	29796590	29796691	0
chr22	17307100	17307201	0
chr22	36265943	36266044	0
chr22	35909211	35909312	0
chr22	36893254	36893355	0
chr22	10249171	10249272	0
chr22	28039695	28039796	0
chr22	25825775	25825876	0
chr22	45955277	45955378	0
chr22	12596916	12597017	0
chr22	48400386	48400487	0
chr22	32169989	32170090	0
chr22	4897383	4897484	0
chr22	12204632	12204733	0
chr22	19456311	19456412	0
chr22	30095348	30095449	0
chr22	35452388	35452489	0
chr22	7024544	7024645	0
chr22	24252195	24252296	0
chr22	420457	420558	0
chr22	32764576	32764677	0
chr22	1784260	1784361	0
chr22	30193217	30193318	0
chr22	23495907	23496008	0
chr22	12852446	12852547	0
chr22	303701	303802	0
chr22	49726415	49726516	0
chr22	16091718	16091819	0
chr22	51195763	51195864	0
chr22	31312297	31312398	0
chr22	44487646	44487747	0
chr22	47014969	47015070	0
chr22	10105751	10105852	0
chr22	35054044	35054145	0
chr22	22173716	22173817	0
chr22	23472778	23472879	0
chr22	18893337	18893438	0
chr22	41033547	41033648	0
chr22	32760132	32760233	0
chr22	41563898	41563999	0
chr22	33980212	33980313	0
chr22	30729931	30730032	0
chr22	34594797	34594898	0
chr22	19350564	19350665	0
chr22	24737399	24737500	0
chr22	48574914	48575015	0
chr22	43712168	43712269	0
chr22	36916787	36916888	0
chr22	18865631	18865732	0
chr22	35361488	35361589	0
chr22	41823872	41823973	0
chr22	31239678	31239779	0
chr22	29481167	29481268	0
chr22	31277048	31277149	0
chr22	42836801	42836902	0
chr22	35066669	35066770	0
chr22	24345620	24345721	0
chr22	26823049	26823150	0
chr22	31973342	31973443	0
chr22	3554790	3554891	0
chr22	37409364	37409465	0
chr22	4121097	4121198	0
chr22	38396942	38397043	0
chr22	49385641	49385742	0
chr22	34840328	34840429	0
chr22	42534811	42534912	0
chr22	48913567	48913668	0
chr22	26529341	26529442	0
chr22	15858105	15858206	0
chr22	28102113	28102214	0
chr22	1248859	1248960	0
chr22	5075143	5075244	0
chr22	9818002	9818103	0
chr22	33033943	33034044	0
chr22	40378865	40378966	0
chr22	16884112	16884213	0
chr22	47257773	47257874	0
chr22	18359722	18359823	0
chr22	7960511	7960612	0
chr22	1174119	1174220	0
chr22	5024239	5024340	0
chr22	31339668	31339769	0
chr22	21966767	21966868	0
chr22	38400376	38400477	0
chr22	50153039	50153140	0
chr22	16587931	16588032	0
chr22	2197249	2197350	0
chr22	43700351	43700452	0
chr22	18857450	18857551	0
chr22	31625094	31625195	0
chr22	16300384	16300485	0
chr22	31503692	31503793	0
chr22	20226133	20226234	0
chr22	3145235	3145336	0
chr22	34517027	34517128	0
chr22	28828909	28829010	0
chr22	12184129	12184230	0
chr22	2561556	2561657	0
chr22	37196557	37196658	0
chr22	50709347	50709448	0
chr22	46910939	46911040	0
chr22	45429168	45429269	0
chr22	21268352	21268453	0
chr22	14484808	14484909	0
chr22	45670861	45670962	0
chr22	9213113	9213214	0
chr22	29355927	29356028	0
chr22	12873555	12873656	0
chr22	18234482	18234583	0
chr22	29849312	29849413	0
chr22	100691	100792	0
chr22	41485926	41486027	0
chr22	5573275	5573376	0
chr22	47070216	47070317	0
chr22	21101904	21102005	0
chr22	7506314	7506415	0
chr22	18090759	18090860	0
chr22	26087062	26087163	0
chr22	46416847	46416948	0
chr22	39568138	39568239	0
chr22	37689942	37690043	0
chr22	5053125	5053226	0
chr22	20122103	20122204	0
chr22	18841290	18841391	0
chr22	9429354	9429455	0
chr22	8653472	8653573	0
chr22	11271190	11271291	0
chr22	3673263	3673364	0
chr22	50427052	50427153	0
chr22	47424019	47424120	0
chr22	33542175	33542276	0
chr22	37268166	37268267	0
chr22	41188885	41188986	0
chr22	41699541	41699642	0
chr22	9927587	9927688	0
chr22	33372192	33372293	0
chr22	16059701	16059802	0
chr22	35368457	35368558	0
chr22	23213612	23213713	0
chr22	45242722	45242823	0
chr22	15714988	15715089	0
chr22	37400678	37400779	0
chr22	41729942	41730043	0
chr22	26133522	26133623	0
chr22	51177886	51177987	0
chr22	28746594	28746695	0
chr22	12890119	12890220	0
chr22	15472891	15472992	0
chr22	2734973	2735074	0
chr22	25683264	25683365	0
chr22	22347032	22347133	0
chr22	48920233	48920334	0
chr22	2331882	2331983	0
chr22	38768824	38768925	0
chr22	32892240	32892341	0
chr22	30146151	30146252	0
chr22	19368845	19368946	0
chr22	20228759	20228860	0
chr22	46860237	46860338	0
chr22	37080003	37080104	0
chr22	27610344	27610445	0
chr22	17556974	17557075	0
chr22	32064040	32064141	0
chr22	27784872	27784973	0
chr22	39153937	39154038	0
chr22	43532893	43532994	0
chr22	20114225	20114326	0
chr22	21879705	21879806	0
chr22	23573778	23573879	0
chr22	9907488	9907589	0
chr22	47596729	47596830	0
chr22	31126154	31126255	0
chr22	41006580	41006681	0
chr22	8387438	8387539	0
chr22	28095144	28095245	0
chr22	11297450	11297551	0
chr22	25693566	25693667	0
chr22	42401592	42401693	0
chr22	31353404	31353505	0
chr22	30133223	30133324	0
chr22	19321274	19321375	0
chr22	24345418	24345519	0
chr22	5622159	5622260	0
chr22	29004144	29004245	0
chr22	39641161	39641262	0
chr22	5180082	5180183	0
chr22	17919463	17919564	0
chr22	43093341	43093442	0
chr22	25723967	25724068	0
chr22	25091505	25091606	0
chr22	30513690	30513791	0
chr22	20846273	20846374	0
chr22	15692263	15692364	0
chr22	42978403	42978504	0
chr22	42244941	42245042	0
chr22	738102	738203	0
chr22	42370888	42370989	0
chr22	5898192	5898293	0
chr22	35530461	35530562	0
chr22	42992745	42992846	0
chr22	7142714	7142815	0
chr22	16752763	16752864	0
chr22	16119695	16119796	0
chr22	38192215	38192316	0
chr22	5489647	5489748	0
chr22	32360879	32360980	0
chr22	18853511	18853612	0
chr22	49425839	49425940	0
chr22	8117061	8117162	0
chr22	3464698	3464799	0
chr22	17454055	17454156	0
chr22	46927604	46927705	0
chr22	42285341	42285442	0
chr22	36795789	36795890	0
chr22	4857387	4857488	0
chr22	39227162	39227263	0
chr22	21913540	21913641	0
chr22	5398242	5398343	0
chr22	42324226	42324327	0
chr22	3995453	3995554	0
chr22	11954859	11954960	0
chr22	48679348	48679449	0
chr22	19139676	19139777	0
chr22	30640243	30640344	0
chr22	36983851	36983952	0
chr22	5266437	5266538	0
chr22	14657013	14657114	0
chr22	27029897	27029998	0
chr22	33187564	33187665	1
chr22	48393518	48393619	1
chr22	25507322	25507423	1
chr22	30958595	30958696	1
chr22	39601367	39601468	1
chr22	18544249	18544350	1
chr22	39570764	39570865	1
chr22	43355739	43355840	1
chr22	22417631	22417732	1
chr22	38593084	38593185	1
chr22	26813050	26813151	1
chr22	36766095	36766196	1
chr22	30195338	30195439	1
chr22	25263407	25263508	1
chr22	45755701	45755802	1
chr22	36279275	36279376	1
chr22	50521588	50521689	1
chr22	18540613	18540714	1
chr22	23885161	23885262	1
chr22	31178674	31178775	1
chr22	46409575	46409676	1
chr22	43263930	43264031	1
chr22	43741963	43742064	1
chr22	49691267	49691368	1
chr22	28641655	28641756	1
chr22	25829815	25829916	1
chr22	29372592	29372693	1
chr22	39378359	39378460	1
chr22	36943249	36943350	1
chr22	19420153	19420254	1
chr22	42062737	42062838	1
chr22	40404418	40404519	1
chr22	29457937	29458038	1
chr22	30602974	30603075	1
chr22	40878007	40878108	1
chr22	26813151	26813252	1
chr22	43076777	43076878	1
chr22	42109096	42109197	1
chr22	28282499	28282600	1
chr22	44257467	44257568	1
chr22	49224344	49224445	1
chr22	28963340	28963441	1
chr22	32058586	32058687	1
chr22	34032227	34032328	1
chr22	27710435	27710536	1
chr22	44103745	44103846	1
chr22	39195751	39195852	1
chr22	43076575	43076676	1
chr22	49625617	49625718	1
chr22	28806689	28806790	1
chr22	24604180	24604281	1
chr22	23593877	23593978	1
chr22	49691368	49691469	1
chr22	21161797	21161898	1
chr22	36877700	36877801	1
chr22	42109298	42109399	1
chr22	45698030	45698131	1
chr22	41397955	41398056	1
chr22	36830634	36830735	1
chr22	33639034	33639135	1
chr22	29440161	29440262	1
chr22	26879811	26879912	1
chr22	43579858	43579959	1
chr22	32046466	32046567	1
chr22	43355941	43356042	1
chr22	41107782	41107883	1
chr22	30608731	30608832	1
chr22	50769543	50769644	1
chr22	33638933	33639034	1
chr22	43901038	43901139	1
chr22	38396033	38396134	1
chr22	18333462	18333563	1
chr22	18544148	18544249	1
chr22	36747410	36747511	1
chr22	45642379	45642480	1
chr22	25509544	25509645	1
chr22	39889520	39889621	1
chr22	29707003	29707104	1
chr22	28114233	28114334	1
chr22	26142309	26142410	1
chr22	40586218	40586319	1
chr22	25263508	25263609	1
chr22	41295238	41295339	1
chr22	24921522	24921623	1
chr22	31617822	31617923	1
chr22	49339585	49339686	1
chr22	30787400	30787501	1
chr22	26876074	26876175	1
chr22	32807602	32807703	1
chr22	43047285	43047386	1
chr22	32042830	32042931	1
chr22	39162320	39162421	1
chr22	30608630	30608731	1
chr22	49651877	49651978	1
chr22	40256251	40256352	1
chr22	44733783	44733884	1
chr22	39103538	39103639	1
chr22	49001740	49001841	1
chr22	27186851	27186952	1
chr22	19132303	19132404	1
chr22	46924271	46924372	1
chr22	35695899	35696000	1
chr22	41776301	41776402	1
chr22	39704892	39704993	1
chr22	39162118	39162219	1
chr22	37664288	37664389	1
chr22	19032818	19032919	1
chr22	38087074	38087175	1
chr22	19048170	19048271	1
chr22	33093634	33093735	1
chr22	30097570	30097671	1
chr22	19542666	19542767	1
chr22	34988192	34988293	1
chr22	37442997	37443098	1
chr22	37930019	37930120	1
chr22	18121362	18121463	1
chr22	47945381	47945482	1
chr22	41335335	41335436	1
chr22	49194246	49194347	1
chr22	31540456	31540557	1
chr22	50769644	50769745	1
chr22	44531884	44531985	1
chr22	23399452	23399553	1
chr22	43263728	43263829	1
chr22	38408759	38408860	1
chr22	37934968	37935069	1
chr22	46758530	46758631	1
chr22	22564990	22565091	1
chr22	36877599	36877700	1
chr22	46181517	46181618	1
chr22	25132713	25132814	1
chr22	25571154	25571255	1
chr22	37934867	37934968	1
chr22	30238768	30238869	1
chr22	30605095	30605196	1
chr22	37495416	37495517	1
chr22	32307955	32308056	1
chr22	45089808	45089909	1
chr22	18195294	18195395	1
chr22	43343316	43343417	1
chr22	26812949	26813050	1
chr22	50980330	50980431	1
chr22	39103437	39103538	1
chr22	47483003	47483104	1
chr22	37428958	37429059	1
chr22	43309986	43310087	1
chr22	32663071	32663172	1
chr22	18116312	18116413	1
chr22	41972948	41973049	1
chr22	27910516	27910617	1
chr22	27503991	27504092	1
chr22	21271483	21271584	1
chr22	27002728	27002829	1
chr22	43214339	43214440	1
chr22	40393005	40393106	1
chr22	34365325	34365426	1
chr22	38679136	38679237	1
chr22	50026385	50026486	1
chr22	49093751	49093852	1
chr22	50109306	50109407	1
chr22	20789410	20789511	1
chr22	50206771	50206872	1
chr22	43343215	43343316	1
chr22	44849024	44849125	1
chr22	29374915	29375016	1
chr22	39092832	39092933	1
chr22	38731252	38731353	1
chr22	21326831	21326932	1
chr22	43403714	43403815	1
chr22	37930120	37930221	1
chr22	41047990	41048091	1
chr22	32807703	32807804	1
chr22	38576621	38576722	1
chr22	17902798	17902899	1
chr22	45697929	45698030	1
chr22	26059590	26059691	1
chr22	27511869	27511970	1
chr22	33584393	33584494	1
chr22	25231390	25231491	1
chr22	29440363	29440464	1
chr22	28641756	28641857	1
chr22	39019506	39019607	1
chr22	39162219	39162320	1
chr22	23950912	23951013	1
chr22	30195439	30195540	1
chr22	27140492	27140593	1
chr22	25829714	25829815	1
chr22	39193630	39193731	1
chr22	51059817	51059918	1
chr22	19259462	19259563	1
chr22	39636818	39636919	1
chr22	30209680	30209781	1
chr22	49330293	49330394	1
chr22	40984966	40985067	1
chr22	37959410	37959511	1
chr22	39943353	39943454	1
chr22	46924170	46924271	1
chr22	40035162	40035263	1
chr22	47194749	47194850	1
chr22	47057591	47057692	1
chr22	26431573	26431674	1
chr22	37719737	37719838	1
chr22	41776402	41776503	1
chr22	32211601	32211702	1
chr22	45755499	45755600	1
chr22	25123118	25123219	1
chr22	38057481	38057582	1
chr22	43741862	43741963	1
chr22	18503849	18503950	1
chr22	43804078	43804179	1
chr22	48023454	48023555	1
chr22	47150410	47150511	1
chr22	49093852	49093953	1
chr22	41425023	41425124	1
chr22	25132612	25132713	1
chr22	45330188	45330289	1
chr22	39320587	39320688	1
chr22	36562277	36562378	1
chr22	40614902	40615003	1
chr22	50946596	50946697	1
chr22	36279174	36279275	1
chr22	31016064	31016165	1
chr22	25290677	25290778	1
chr22	47194446	47194547	1
chr22	33016066	33016167	1
chr22	31926579	31926680	1
chr22	38329878	38329979	1
chr22	27344815	27344916	1
chr22	33080201	33080302	1
chr22	32777100	32777201	1
chr22	49096478	49096579	1
chr22	39601569	39601670	1
chr22	40878108	40878209	1
chr22	38562481	38562582	1
chr22	30432688	30432789	1
chr22	41865181	41865282	1
chr22	49895792	49895893	1
chr22	34453902	34454003	1
chr22	29921022	29921123	1
chr22	19097155	19097256	1
chr22	27363500	27363601	1
chr22	33150901	33151002	1
chr22	43900937	43901038	1
chr22	34032328	34032429	1
chr22	30440566	30440667	1
chr22	29180288	29180389	1
chr22	19132202	19132303	1
chr22	19097256	19097357	1
chr22	19259563	19259664	1
chr22	24975052	24975153	1
chr22	43315440	43315541	1
chr22	34441378	34441479	1
chr22	51023861	51023962	1
chr22	30671755	30671856	1
chr22	24882839	24882940	1
chr22	40731557	40731658	1
chr22	26059691	26059792	1
chr22	36827099	36827200	1
chr22	32058384	32058485	1
chr22	18195395	18195496	1
chr22	49224445	49224546	1
chr22	41032941	41033042	1
chr22	20068573	20068674	1
chr22	42353718	42353819	1
chr22	41253020	41253121	1
chr22	23418036	23418137	1
chr22	36520160	36520261	1
chr22	39570865	39570966	1
chr22	24263911	24264012	1
chr22	17921786	17921887	1
chr22	40361897	40361998	1
chr22	31686603	31686704	1
chr22	47057389	47057490	1
chr22	26143521	26143622	1
chr22	44306250	44306351	1
chr22	24680839	24680940	1
chr22	28023434	28023535	1
chr22	32663172	32663273	1
chr22	45755600	45755701	1
chr22	28261996	28262097	1
chr22	50825901	50826002	1
chr22	35724482	35724583	1
chr22	35695798	35695899	1
chr22	37851441	37851542	1
chr22	48280196	48280297	1
chr22	40615003	40615104	1
chr22	44733581	44733682	1
chr22	47169802	47169903	1
chr22	38301194	38301295	1
chr22	22719217	22719318	1
chr22	26875973	26876074	1
chr22	38029807	38029908	1
chr22	42677928	42678029	1
chr22	38494710	38494811	1
chr22	32360071	32360172	1
chr22	25882234	25882335	1
chr22	31380472	31380573	1
chr22	43011026	43011127	1
chr22	18333563	18333664	1
chr22	26752854	26752955	1
chr22	30913852	30913953	1
chr22	18121564	18121665	1
chr22	47333321	47333422	1
chr22	34048892	34048993	1
chr22	35708221	35708322	1
chr22	34365224	34365325	1
chr22	42017085	42017186	1
chr22	43336347	43336448	1
chr22	31340678	31340779	1
chr22	33987282	33987383	1
chr22	41776503	41776604	1
chr22	39610659	39610760	1
chr22	39898105	39898206	1
chr22	36620453	36620554	1
chr22	24263810	24263911	1
chr22	50346050	50346151	1
chr22	48393417	48393518	1
chr22	21304308	21304409	1
chr22	34453801	34453902	1
chr22	30662160	30662261	1
chr22	38330080	38330181	1
chr22	51094763	51094864	1
chr22	23947276	23947377	1
chr22	31045556	31045657	1
chr22	41945577	41945678	1
chr22	30818912	30819013	1
chr22	24952630	24952731	1
chr22	50109205	50109306	1
chr22	24439449	24439550	1
chr22	48392710	48392811	1
chr22	37252410	37252511	1
chr22	30606408	30606509	1
chr22	31926478	31926579	1
chr22	37593891	37593992	1
chr22	21017872	21017973	1
chr22	24027571	24027672	1
chr22	39636919	39637020	1
chr22	26875872	26875973	1
chr22	30209781	30209882	1
chr22	40894571	40894672	1
chr22	28065349	28065450	1
chr22	40252716	40252817	1
chr22	41107681	41107782	1
chr22	43355840	43355941	1
chr22	34048690	34048791	1
chr22	24870416	24870517	1
chr22	31976675	31976776	1
chr22	22191593	22191694	1
chr22	40252817	40252918	1
chr22	42767414	42767515	1
chr22	40370280	40370381	1
chr22	18409919	18410020	1
chr22	35695697	35695798	1
chr22	29999297	29999398	1
chr22	49625718	49625819	1
chr22	43011228	43011329	1
chr22	36582073	36582174	1
chr22	30097671	30097772	1
chr22	41107580	41107681	1
chr22	23378949	23379050	1
chr22	29105851	29105952	1
chr22	27360066	27360167	1
chr22	38593185	38593286	1
chr22	30097469	30097570	1
chr22	36368155	36368256	1
chr22	29378046	29378147	1
chr22	49595519	49595620	1
chr22	25516210	25516311	1
chr22	29663674	29663775	1
chr22	28023535	28023636	1
chr22	24973638	24973739	1
chr22	39193731	39193832	1
chr22	37897800	37897901	1
chr22	44050215	44050316	1
chr22	30671654	30671755	1
chr22	46025472	46025573	1
chr22	32980211	32980312	1
chr22	26197758	26197859	1
chr22	39570966	39571067	1
chr22	42228781	42228882	1
chr22	27140593	27140694	1
chr22	40573795	40573896	1
chr22	38448351	38448452	1
chr22	29195337	29195438	1
chr22	33910118	33910219	1
chr22	37828413	37828514	1
chr22	41040718	41040819	1
chr22	24596807	24596908	1
chr22	47057490	47057591	1
chr22	49691469	49691570	1
chr22	38544503	38544604	1
chr22	45623492	45623593	1
chr22	35460771	35460872	1
chr22	41048091	41048192	1
chr22	42228680	42228781	1
chr22	24896575	24896676	1
chr22	36727715	36727816	1
chr22	38428959	38429060	1
chr22	33825076	33825177	1
chr22	48294841	48294942	1
chr22	19108467	19108568	1
chr22	24841530	24841631	1
chr22	41844274	41844375	1
chr22	26059792	26059893	1
chr22	33939004	33939105	1
chr22	47405132	47405233	1
chr22	47048198	47048299	1
chr22	21308348	21308449	1
chr22	41945678	41945779	1
chr22	47194648	47194749	1
chr22	42017287	42017388	1
chr22	27503890	27503991	1
chr22	43789231	43789332	1
chr22	19950605	19950706	1
chr22	49899529	49899630	1
chr22	46832765	46832866	1
chr22	18544350	18544451	1
chr22	26879912	26880013	1
chr22	29372693	29372794	1
chr22	51094965	51095066	1
chr22	42929418	42929519	1
chr22	25565498	25565599	1
chr22	41684492	41684593	1
chr22	25507524	25507625	1
chr22	37252511	37252612	1
chr22	44609452	44609553	1
chr22	36759631	36759732	1
chr22	35760337	35760438	1
chr22	45330087	45330188	1
chr22	35709534	35709635	1
chr22	48294942	48295043	1
chr22	35262912	35263013	1
chr22	26068781	26068882	1
chr22	37828514	37828615	1
chr22	41397854	41397955	1
chr22	29346736	29346837	1
chr22	32941932	32942033	1
chr22	49595418	49595519	1
chr22	25632057	25632158	1
chr22	49510982	49511083	1
chr22	43366142	43366243	1
chr22	35431077	35431178	1
chr22	49651978	49652079	1
chr22	28149280	28149381	1
chr22	50353322	50353423	1
chr22	35753974	35754075	1
chr22	22178766	22178867	1
chr22	37621363	37621464	1
chr22	38562380	38562481	1
chr22	18426483	18426584	1
chr22	25555196	25555297	1
chr22	47331907	47332008	1
chr22	25571255	25571356	1
chr22	21166746	21166847	1
chr22	36367953	36368054	1
chr22	45072840	45072941	1
chr22	45089303	45089404	1
chr22	45535824	45535925	1
chr22	41959616	41959717	1
chr22	42709844	42709945	1
chr22	37621262	37621363	1
chr22	37873762	37873863	1
chr22	30787501	30787602	1
chr22	30174936	30175037	1
chr22	28679328	28679429	1
chr22	30195237	30195338	1
chr22	32980110	32980211	1
chr22	27187053	27187154	1
chr22	45085162	45085263	1
chr22	39715699	39715800	1
chr22	33191402	33191503	1
chr22	38494811	38494912	1
chr22	38396134	38396235	1
chr22	36581972	36582073	1
chr22	35775992	35776093	1
chr22	25210281	25210382	1
chr22	43361193	43361294	1
chr22	30483188	30483289	1
chr22	38395932	38396033	1
chr22	43258173	43258274	1
chr22	43789433	43789534	1
chr22	29375117	29375218	1
chr22	44306351	44306452	1
chr22	44103644	44103745	1
chr22	47194547	47194648	1
chr22	47482902	47483003	1
chr22	26068680	26068781	1
chr22	30440364	30440465	1
chr22	40984764	40984865	1
chr22	17902899	17903000	1
chr22	38583489	38583590	1
chr22	37573590	37573691	1
chr22	18426584	18426685	1
chr22	18518797	18518898	1
chr22	30859009	30859110	1
chr22	36847905	36848006	1
chr22	38963754	38963855	1
chr22	36317958	36318059	1
chr22	34441277	34441378	1
chr22	44050316	44050417	1
chr22	27065550	27065651	1
chr22	31618024	31618125	1
chr22	27447532	27447633	1
chr22	47048097	47048198	1
chr22	20789309	20789410	1
chr22	19755473	19755574	1
chr22	21457222	21457323	1
chr22	29180086	29180187	1
chr22	35697616	35697717	1
chr22	28065450	28065551	1
chr22	42709945	42710046	1
chr22	43315238	43315339	1
chr22	27815677	27815778	1
chr22	41193632	41193733	1
chr22	27141098	27141199	1
chr22	41681563	41681664	1
chr22	24878698	24878799	1
chr22	19091600	19091701	1
chr22	26278457	26278558	1
chr22	46758328	46758429	1
chr22	36533290	36533391	1
chr22	38408860	38408961	1
chr22	28282398	28282499	1
chr22	32871232	32871333	1
chr22	38963653	38963754	1
chr22	29225738	29225839	1
chr22	49899327	49899428	1
chr22	49980329	49980430	1
chr22	26278558	26278659	1
chr22	33191301	33191402	1
chr22	38430777	38430878	1
chr22	30819114	30819215	1
chr22	34263315	34263416	1
chr22	33150800	33150901	1
chr22	26197657	26197758	1
chr22	29225839	29225940	1
chr22	40370179	40370280	1
chr22	41844375	41844476	1
chr22	38963552	38963653	1
chr22	38614698	38614799	1
chr22	22020499	22020600	1
chr22	32928600	32928701	1
chr22	50521689	50521790	1
chr22	45280799	45280900	1
chr22	24973436	24973537	1
chr22	31646809	31646910	1
chr22	39715800	39715901	1
chr22	22417732	22417833	1
chr22	35431178	35431279	1
chr22	38568844	38568945	1
chr22	29427435	29427536	1
chr22	25506716	25506817	1
chr22	34261497	34261598	1
chr22	25210382	25210483	1
chr22	32663273	32663374	1
chr22	32211399	32211500	1
chr22	37487437	37487538	1
chr22	24372082	24372183	1
chr22	44733682	44733783	1
chr22	48698841	48698942	1
chr22	35248368	35248469	1
chr22	47835392	47835493	1
chr22	43196866	43196967	1
chr22	37897901	37898002	1
chr22	24974951	24975052	1
chr22	35773164	35773265	1
chr22	49899428	49899529	1
chr22	24264012	24264113	1
chr22	22178867	22178968	1
chr22	43789332	43789433	1
chr22	33015864	33015965	1
chr22	19836374	19836475	1
chr22	21811631	21811732	1
chr22	29830425	29830526	1
chr22	38266450	38266551	1
chr22	27290881	27290982	1
chr22	49741969	49742070	1
chr22	31686704	31686805	1
chr22	34199382	34199483	1
chr22	32577221	32577322	1
chr22	33328257	33328358	1
chr22	29108376	29108477	1
chr22	32360172	32360273	1
chr22	45080718	45080819	1
chr22	50229698	50229799	1
chr22	39637020	39637121	1
chr22	46858823	46858924	1
chr22	39745393	39745494	1
chr22	36620352	36620453	1
chr22	21308146	21308247	1
chr22	44324430	44324531	1
chr22	40404519	40404620	1
chr22	42239083	42239184	1
chr22	21305015	21305116	1
chr22	48294740	48294841	1
chr22	47330998	47331099	1
chr22	45675911	45676012	1
chr22	21166645	21166746	1
chr22	50346252	50346353	1
chr22	30217356	30217457	1
chr22	30859110	30859211	1
chr22	30601964	30602065	1
chr22	50201519	50201620	1
chr22	39601468	39601569	1
chr22	45330289	45330390	1
chr22	24870315	24870416	1
chr22	36407242	36407343	1
chr22	19032717	19032818	1
chr22	26047571	26047672	1
chr22	47331806	47331907	1
chr22	45085061	45085162	1
chr22	27710334	27710435	1
chr22	27359965	27360066	1
chr22	49224243	49224344	1
chr22	30988087	30988188	1
chr22	30958494	30958595	1
chr22	46409474	46409575	1
chr22	21258959	21259060	1
chr22	45623694	45623795	1
chr22	41032840	41032941	1
chr22	41335436	41335537	1
chr22	24882738	24882839	1
chr22	25847894	25847995	1
chr22	49405134	49405235	1
chr22	34336944	34337045	1
chr22	39639343	39639444	1
chr22	24841631	24841732	1
chr22	26142107	26142208	1
chr22	29319971	29320072	1
chr22	25290576	25290677	1
chr22	41973150	41973251	1
chr22	43476030	43476131	1
chr22	31540355	31540456	1
chr22	43579959	43580060	1
chr22	31045657	31045758	1
chr22	22908491	22908592	1
chr22	24952529	24952630	1
chr22	45281001	45281102	1
chr22	25506615	25506716	1
chr22	39010921	39011022	1
chr22	30606509	30606610	1
chr22	38429060	38429161	1
chr22	40573896	40573997	1
chr22	22564788	22564889	1
chr22	31340779	31340880	1
chr22	37592881	37592982	1
chr22	38408961	38409062	1
chr22	31518842	31518943	1
chr22	47034967	47035068	1
chr22	38731151	38731252	1
chr22	34219582	34219683	1
chr22	32942033	32942134	1
chr22	39114547	39114648	1
chr22	43804280	43804381	1
chr22	23378848	23378949	1
chr22	36835987	36836088	1
chr22	37429059	37429160	1
chr22	36279073	36279174	1
chr22	23399351	23399452	1
chr22	24973537	24973638	1
chr22	30602065	30602166	1
chr22	24971012	24971113	1
chr22	49096579	49096680	1
chr22	41973049	41973150	1
chr22	18116413	18116514	1
chr22	37301698	37301799	1
chr22	25942834	25942935	1
chr22	43151820	43151921	1
chr22	39193529	39193630	1
chr22	32871434	32871535	1
chr22	37487538	37487639	1
chr22	38797811	38797912	1
chr22	46138794	46138895	1
chr22	44317461	44317562	1
chr22	36835886	36835987	1
chr22	31180391	31180492	1
chr22	40392904	40393005	1
chr22	32367141	32367242	1
chr22	27406526	27406627	1
chr22	48393619	48393720	1
chr22	19097054	19097155	1
chr22	34266143	34266244	1
chr22	38679237	38679338	1
chr22	28262198	28262299	1
chr22	42109197	42109298	1
chr22	50206569	50206670	1
chr22	41681462	41681563	1
chr22	36830735	36830836	1
chr22	38301295	38301396	1
chr22	38714486	38714587	1
chr22	36747309	36747410	1
chr22	37044148	37044249	1
chr22	41959515	41959616	1
chr22	33872849	33872950	1
chr22	36407141	36407242	1
chr22	50026284	50026385	1
chr22	25255731	25255832	1
chr22	39114648	39114749	1
chr22	36861742	36861843	1
chr22	42678029	42678130	1
chr22	19950807	19950908	1
chr22	36809222	36809323	1
chr22	29920921	29921022	1
chr22	29457836	29457937	1
chr22	33959608	33959709	1
chr22	37664187	37664288	1
chr22	29663876	29663977	1
chr22	36520059	36520160	1
chr22	28065551	28065652	1
chr22	35526118	35526219	1
chr22	45067790	45067891	1
chr22	35724583	35724684	1
chr22	31451576	31451677	1
chr22	29195438	29195539	1
chr22	38583691	38583792	1
chr22	35708120	35708221	1
chr22	32088280	32088381	1
chr22	40895278	40895379	1
chr22	39096973	39097074	1
chr22	37214333	37214434	1
chr22	25123219	25123320	1
chr22	33015965	33016066	1
chr22	46971539	46971640	1
chr22	37957087	37957188	1
chr22	42063343	42063444	1
chr22	17673225	17673326	1
chr22	33080302	33080403	1
chr22	50329789	50329890	1
chr22	42767313	42767414	1
chr22	39889621	39889722	1
chr22	32807501	32807602	1
chr22	29372794	29372895	1
chr22	38614799	38614900	1
chr22	39378258	39378359	1
chr22	20068674	20068775	1
chr22	26700940	26701041	1
chr22	46181416	46181517	1
chr22	22564889	22564990	1
chr22	29830324	29830425	1
chr22	17902697	17902798	1
chr22	19050291	19050392	1
chr22	36861641	36861742	1
chr22	27002627	27002728	1
chr22	36766297	36766398	1
chr22	43390079	43390180	1
chr22	17921887	17921988	1
chr22	24680738	24680839	1
chr22	21333800	21333901	1
chr22	37436937	37437038	1
chr22	37214131	37214232	1
chr22	37941230	37941331	1
chr22	24979193	24979294	1
chr22	19998277	19998378	1
chr22	31178876	31178977	1
chr22	25907888	25907989	1
chr22	30812650	30812751	1
chr22	18503647	18503748	1
chr22	35773063	35773164	1
chr22	46127785	46127886	1
chr22	43804179	43804280	1
chr22	27065449	27065550	1
chr22	27065348	27065449	1
chr22	23399553	23399654	1
chr22	43309885	43309986	1
chr22	25263306	25263407	1
chr22	34032429	34032530	1
chr22	37301799	37301900	1
chr22	34261396	34261497	1
chr22	38329979	38330080	1
chr22	49330495	49330596	1
chr22	46127886	46127987	1
chr22	40923962	40924063	1
chr22	41864979	41865080	1
chr22	31180593	31180694	1
chr22	31015963	31016064	1
chr22	30606610	30606711	1
chr22	27344613	27344714	1
chr22	45085263	45085364	1
chr22	17921988	17922089	1
chr22	41040819	41040920	1
chr22	37935069	37935170	1
chr22	47291810	47291911	1
chr22	36792153	36792254	1
chr22	47035068	47035169	1
chr22	38583590	38583691	1
chr22	28361683	28361784	1
chr22	21017771	21017872	1
chr22	41576220	41576321	1
chr22	22388038	22388139	1
chr22	24405917	24406018	1
chr22	18121463	18121564	1
chr22	45892556	45892657	1
chr22	28114334	28114435	1
chr22	32928398	32928499	1
chr22	43361395	43361496	1
chr22	43592584	43592685	1
chr22	43500068	43500169	1
chr22	37850835	37850936	1
chr22	27344714	27344815	1
chr22	25565397	25565498	1
chr22	31016165	31016266	1
chr22	23885363	23885464	1
chr22	34265941	34266042	1
chr22	31180492	31180593	1
chr22	38073136	38073237	1
chr22	43343417	43343518	1
chr22	26700738	26700839	1
chr22	24979294	24979395	1
chr22	38576419	38576520	1
chr22	22020600	22020701	1
chr22	36826998	36827099	1
chr22	38073035	38073136	1
chr22	19420052	19420153	1
chr22	25506817	25506918	1
chr22	46971640	46971741	1
chr22	37501981	37502082	1
chr22	21132305	21132406	1
chr22	34266042	34266143	1
chr22	42678130	42678231	1
chr22	43390180	43390281	1
chr22	38593286	38593387	1
chr22	30987986	30988087	1
chr22	17393455	17393556	1
chr22	20068775	20068876	1
chr22	45675810	45675911	1
chr22	49339686	49339787	1
chr22	39889419	39889520	1
chr22	20789208	20789309	1
chr22	27002829	27002930	1
chr22	47291608	47291709	1
chr22	28149381	28149482	1
chr22	37502082	37502183	1
chr22	25847793	25847894	1
chr22	38448452	38448553	1
chr22	18368105	18368206	1
chr22	26143420	26143521	1
chr22	51094864	51094965	1
chr22	43475828	43475929	1
chr22	37956986	37957087	1
chr22	44306452	44306553	1
chr22	25225330	25225431	1
chr22	48023353	48023454	1
chr22	31518943	31519044	1
chr22	24230581	24230682	1
chr22	29707104	29707205	1
chr22	35709433	35709534	1
chr22	32842447	32842548	1
chr22	50026183	50026284	1
chr22	28262097	28262198	1
chr22	36943148	36943249	1
chr22	33187766	33187867	1
chr22	24230682	24230783	1
chr22	39019607	39019708	1
chr22	33328358	33328459	1
chr22	38574096	38574197	1
chr22	47835594	47835695	1
chr22	19108568	19108669	1
chr22	39898206	39898307	1
chr22	32340275	32340376	1
chr22	27509243	27509344	1
chr22	31686805	31686906	1
chr22	37908203	37908304	1
chr22	45287162	45287263	1
chr22	24974850	24974951	1
chr22	43403815	43403916	1
chr22	37821545	37821646	1
chr22	27447633	27447734	1
chr22	24970911	24971012	1
chr22	39381086	39381187	1
chr22	21308247	21308348	1
chr22	47291709	47291810	1
chr22	50364432	50364533	1
chr22	32865980	32866081	1
chr22	24406018	24406119	1
chr22	49980228	49980329	1
chr22	48473207	48473308	1
chr22	18410020	18410121	1
chr22	38797912	38798013	1
chr22	24027470	24027571	1
chr22	30604893	30604994	1
chr22	37821444	37821545	1
chr22	23622258	23622359	1
chr22	21305116	21305217	1
chr22	43900129	43900230	1
chr22	44609553	44609654	1
chr22	24027672	24027773	1
chr22	41684391	41684492	1
chr22	36761247	36761348	1
chr22	45089707	45089808	1
chr22	27910718	27910819	1
chr22	43047386	43047487	1
chr22	25507423	25507524	1
chr22	21304207	21304308	1
chr22	24921421	24921522	1
chr22	36562378	36562479	1
chr22	37851542	37851643	1
chr22	41576321	41576422	1
chr22	39092731	39092832	1
chr22	26700839	26700940	1
chr22	36858308	36858409	1
chr22	36861540	36861641	1
chr22	30604994	30605095	1
chr22	50364533	50364634	1
chr22	40552181	40552282	1
chr22	36858207	36858308	1
chr22	39320486	39320587	1
chr22	37214232	37214333	1
chr22	50229799	50229900	1
chr22	34261295	34261396	1
chr22	48392609	48392710	1
chr22	19868896	19868997	1
chr22	38562279	38562380	1
chr22	24946166	24946267	1
chr22	25631956	25632057	1
chr22	38012536	38012637	1
chr22	45072739	45072840	1
chr22	25882335	25882436	1
chr22	43151618	43151719	1
chr22	34048791	34048892	1
chr22	33936277	33936378	1
chr22	21132204	21132305	1
chr22	47034866	47034967	1
chr22	47405233	47405334	1
chr22	43196967	43197068	1
chr22	25516412	25516513	1
chr22	25255630	25255731	1
chr22	21333901	21334002	1
chr22	49405033	49405134	1
chr22	41844476	41844577	1
chr22	28679530	28679631	1
chr22	38597932	38598033	1
chr22	18116211	18116312	1
chr22	31178775	31178876	1
chr22	46858722	46858823	1
chr22	37929918	37930019	1
chr22	46409373	46409474	1
chr22	41048192	41048293	1
chr22	43366243	43366344	1
chr22	38714284	38714385	1
chr22	33987383	33987484	1
chr22	40256352	40256453	1
chr22	48698740	48698841	1
chr22	38887095	38887196	1
chr22	32475211	32475312	1
chr22	35708322	35708423	1
chr22	46971438	46971539	1
chr22	32871333	32871434	1
chr22	25843955	25844056	1
chr22	26068882	26068983	1
chr22	28452987	28453088	1
chr22	26879710	26879811	1
chr22	41193430	41193531	1
chr22	29320072	29320173	1
chr22	28452886	28452987	1
chr22	48280095	48280196	1
chr22	34336843	34336944	1
chr22	32171100	32171201	1
chr22	46758429	46758530	1
chr22	46970933	46971034	1
chr22	51139001	51139102	1
chr22	29137666	29137767	1
chr22	40170199	40170300	1
chr22	30812549	30812650	1
chr22	32928701	32928802	1
chr22	30812448	30812549	1
chr22	33872950	33873051	1
chr22	29375420	29375521	1
chr22	35697515	35697616	1
chr22	40392803	40392904	1
chr22	33938903	33939004	1
chr22	34263214	34263315	1
chr22	40895177	40895278	1
chr22	23938186	23938287	1
chr22	45287364	45287465	1
chr22	19108366	19108467	1
chr22	31637315	31637416	1
chr22	35248469	35248570	1
chr22	24439550	24439651	1
chr22	45892758	45892859	1
chr22	30841536	30841637	1
chr22	29204629	29204730	1
chr22	36793668	36793769	1
chr22	19755574	19755675	1
chr22	45280900	45281001	1
chr22	35724684	35724785	1
chr22	41865080	41865181	1
chr22	23418137	23418238	1
chr22	37593083	37593184	1
chr22	37443098	37443199	1
chr22	39704993	39705094	1
chr22	25571053	25571154	1
chr22	47333220	47333321	1
chr22	37850936	37851037	1
chr22	33095755	33095856	1
chr22	33938802	33938903	1
chr22	33936378	33936479	1
chr22	32109389	32109490	1
chr22	25882133	25882234	1
chr22	36727614	36727715	1
chr22	36533088	36533189	1
